{
  "training_completed": "2025-08-04T02:11:26.212096",
  "total_time_minutes": 234.68905347188314,
  "models_trained": 6,
  "model_performances": {
    "SAC_EURUSD": {
      "mean_reward": -751.8043930000001,
      "std_reward": 1.1368683772161603e-13,
      "training_time": 4809.040099859238,
      "training_steps": 50000
    },
    "PPO_EURUSD": {
      "mean_reward": 3.621294,
      "std_reward": 0.0,
      "training_time": 246.03475785255432,
      "training_steps": 40000
    },
    "SAC_GBPUSD": {
      "mean_reward": -396.873854,
      "std_reward": 0.0,
      "training_time": 4268.177129507065,
      "training_steps": 50000
    },
    "PPO_GBPUSD": {
      "mean_reward": 3.595317,
      "std_reward": 0.0,
      "training_time": 234.22222757339478,
      "training_steps": 40000
    },
    "SAC_XAUUSD": {
      "mean_reward": -349.771918,
      "std_reward": 0.0,
      "training_time": 3887.6515522003174,
      "training_steps": 50000
    },
    "PPO_XAUUSD": {
      "mean_reward": 3.252084,
      "std_reward": 0.0,
      "training_time": 219.61355710029602,
      "training_steps": 40000
    }
  },
  "symbols_used": [
    "EURUSD",
    "GBPUSD",
    "XAUUSD"
  ]  
}